Job Title,Location,Additional Info
(Junior) Sales Manager (m/w/d),"
Stuttgart
", Stuttgart
(Junior) Sales Manager B2B (m/w/d),"
Stuttgart
"," Stuttgart Vertrieb, Key Accounting"
Content Marketing Creator (m/w/d),"
Stuttgart
", Publiziert: 19.09.2023
Duales Studium Betriebswirtschaftslehre (B.A.) - Schwerpunkt (Online-) Marketing,"
Stuttgart
", Stuttgart
Duales Studium Betriebswirtschaftslehre (B.A.) - Schwerpunkt Produktmanagement,"
Stuttgart
"," Stuttgart Vertrieb, Key Accounting"
Freiberufliche Lehrbeauftragte  (m/w/d)  für den Bereich Chemische Verfahrenstechnik,"
Homeoffice
", Publiziert: 10.11.2023
Freiberufliche Lehrbeauftragte  (m/w/d)  für den Bereich Technische Chemie,"
Homeoffice
", Stuttgart
Freiberuflicher Autor (m/w/d)  für das Erstellen einer Fallstudie im Modul Datenanalyse im Engineering (m/w/d),"
Homeoffice
", Stuttgart
Freiberuflicher Autor (m/w/d)  für das Erstellen eines Begleitheftes im Modul Biotechnische Verfahrenstechnik und Anlagenbau (m/w/d),"
Homeoffice
", AKAD Bildungsgesellschaft mbH
Freiberuflicher Autor (m/w/d)  für das Erstellen von Lernmitteln im Modul Grundlagen der Besteuerung im Sektor der Non-Profit-Unternehmen,"
Homeoffice
", AKAD Bildungsgesellschaft mbH Berufserfahrung
Freiberuflicher Autor (m/w/d)  für die Aktualisierung eines Studienbriefs zum Thema IT-Systeme für Produktion und Fertigung,"
Homeoffice
"," Forschung, Entwicklung, Lehre"
Freiberuflicher Autor (m/w/d) für das Erstellen des Begleitheftes „Anwendung von Bilanztheorien auf Rechtsnormen des Bilanzrechts“,"
Homeoffice
"," Forschung, Entwicklung, Lehre Publiziert: 18.10.2023"
Freiberuflicher Autor (m/w/d) für das Erstellen eines Begleitheftes im Modul AR/VR im Industrieumfeld,"
Homeoffice
", AKAD Bildungsgesellschaft mbH
Freiberuflicher Autor (m/w/d) für das Erstellen eines Begleitheftes im Modul Digitalisierung und KI,"
Homeoffice
", AKAD Bildungsgesellschaft mbH Berufserfahrung
Freiberuflicher Autor (m/w/d) für das Erstellen eines Begleitheftes im Modul Mehrkörpersysteme,"
Homeoffice
"," Forschung, Entwicklung, Lehre"
Freiberuflicher Autor (m/w/d) für das Erstellen eines Studienbriefes im Modul Funktionale Controllinglehre – Modelle im Controlling,"
Homeoffice
"," Forschung, Entwicklung, Lehre Publiziert: 18.10.2023"
Freiberuflicher Autor (m/w/d) für das Erstellen eines Studienbriefes im Modul Quantitative und qualitative Erfolgsmessung – qualitative Ansätze,"
Homeoffice
", Homeoffice
Freiberuflicher Autor (m/w/d) für das Erstellen eines Studienbriefes im Modul Theorien der Bilanzierung und nationale externe Rechnungslegung - Bilanztheorien,"
Homeoffice
", Homeoffice Berufserfahrung
Freiberuflicher Autor (m/w/d) für das Erstellen von Lernmitteln zum Thema Signalverarbeitung,"
Homeoffice
"," Forschung, Entwicklung, Lehre"
Freiberuflicher Autor (m/w/d) für die Aktualisierung eines Studienbriefs im Modul IT-Architektur und IT-Sicherheitsmanagement,"
Homeoffice
"," Forschung, Entwicklung, Lehre Publiziert: 30.08.2023"
Freiberuflicher Autor (m/w/d) für die Erstellung eines Studienbriefes im Modul Gesamtfahrzeugkonzeption und Systemsimulation,"
Homeoffice
", Homeoffice
Freiberuflicher Autor (m/w/d) für die Erstellung eines Studienbriefes im Modul Gesamtfahrzeugkonzeption und Systemsimulation - Fahrzeugdesign,"
Homeoffice
", Homeoffice Berufserfahrung
Freiberuflicher Autor (m/w/d) für die Erstellung eines Studienbriefes im Modul Grundlagen der Fahrzeugelektronik,"
Homeoffice
"," Forschung, Entwicklung, Lehre"
Freiberuflicher Autor (m/w/d) für die Erstellung von Begleitheften im Modul Technische Informatik,"
Homeoffice
"," Forschung, Entwicklung, Lehre Publiziert: 05.09.2023"
Professur für Pflege und/oder Gesundheit (m/w/d),"
Stuttgart
", Homeoffice
Sachbearbeitung Hochschulverwaltung (m/w/d),"
Stuttgart
", Homeoffice Berufserfahrung
Study Guide (m/w/d),"
Stuttgart
"," Forschung, Entwicklung, Lehre"
Werkstudent im Bereich Human Resources (m/w/d),"
Stuttgart
"," Forschung, Entwicklung, Lehre Publiziert: 14.08.2023"
Werkstudent/Aushilfe Content Management für Lernmaterialien (m/w/d),"
Stuttgart
", Homeoffice
